id	item_type_id	serial_number	owner	register_number	model	manufacturer	place_id	situation_id	foto	manual	datasheet	acquisition_date	maintenance_date	calibration_date	observation
1	12	408604	PNBOIA	57	M700 SERIES	Carmanah	1	1	https://encrypted-tbn0.gstatic.com/images?q=tbn:ANd9GcSczgK2bnU21-fsKDZ4XVe5jBFMWZFTYQCDqQ&usqp=CAU		http://www.hemvan.com.tw/index.php?module=product&mn=4&f=download&id=50190				Necessita troca de baterias e teste
2	12	316761	PNBOIA	60	M700 SERIES	Carmanah	1	1	https://encrypted-tbn0.gstatic.com/images?q=tbn:ANd9GcSczgK2bnU21-fsKDZ4XVe5jBFMWZFTYQCDqQ&usqp=CAU		http://www.hemvan.com.tw/index.php?module=product&mn=4&f=download&id=50190				Necessita troca de baterias e teste
3	12	325237	PNBOIA	73	M700 SERIES	Carmanah	1	1	https://encrypted-tbn0.gstatic.com/images?q=tbn:ANd9GcSczgK2bnU21-fsKDZ4XVe5jBFMWZFTYQCDqQ&usqp=CAU		http://www.hemvan.com.tw/index.php?module=product&mn=4&f=download&id=50190				Necessita troca de baterias e teste
4	12	410010	PNBOIA	72	M700 SERIES	Carmanah	1	1	https://encrypted-tbn0.gstatic.com/images?q=tbn:ANd9GcSczgK2bnU21-fsKDZ4XVe5jBFMWZFTYQCDqQ&usqp=CAU		http://www.hemvan.com.tw/index.php?module=product&mn=4&f=download&id=50190				Necessita troca de baterias e teste
5	12	325126	PNBOIA	71	M700 SERIES	Carmanah	1	1	https://encrypted-tbn0.gstatic.com/images?q=tbn:ANd9GcSczgK2bnU21-fsKDZ4XVe5jBFMWZFTYQCDqQ&usqp=CAU		http://www.hemvan.com.tw/index.php?module=product&mn=4&f=download&id=50190				Necessita troca de baterias e teste
6	12	334618	PNBOIA	61	M700 SERIES	Carmanah	1	1	https://encrypted-tbn0.gstatic.com/images?q=tbn:ANd9GcSczgK2bnU21-fsKDZ4XVe5jBFMWZFTYQCDqQ&usqp=CAU		http://www.hemvan.com.tw/index.php?module=product&mn=4&f=download&id=50190				Avariada
7	8	88880	PNBOIA	10	50103	RM YOUNG	2	0	http://www.youngusa.com/catalog/images/05103_edit.gif	http://www.youngusa.com/Manuals/05103-90(M).pdf	http://www.youngusa.com/Brochures/05103(0106).pdf				AVARIADO
8	8	108365	PNBOIA	11	50103	RM YOUNG	2	1	http://www.youngusa.com/catalog/images/05103_edit.gif	http://www.youngusa.com/Manuals/05103-90(M).pdf	http://www.youngusa.com/Brochures/05103(0106).pdf				Necessário realizar teste
9	8	108362	PNBOIA	12	50103	RM YOUNG	2	0	http://www.youngusa.com/catalog/images/05103_edit.gif	http://www.youngusa.com/Manuals/05103-90(M).pdf	http://www.youngusa.com/Brochures/05103(0106).pdf				AVARIADO
10	8	136747	PNBOIA	168	50103	RM YOUNG	2	1	http://www.youngusa.com/catalog/images/05103_edit.gif	http://www.youngusa.com/Manuals/05103-90(M).pdf	http://www.youngusa.com/Brochures/05103(0106).pdf				Necessário realizar teste
11	8	137810	PNBOIA	14	50103	RM YOUNG	2	0	http://www.youngusa.com/catalog/images/05103_edit.gif	http://www.youngusa.com/Manuals/05103-90(M).pdf	http://www.youngusa.com/Brochures/05103(0106).pdf				AVARIADO
12	8	98381	PNBOIA	167	50103	RM YOUNG	2	1	http://www.youngusa.com/catalog/images/05103_edit.gif	http://www.youngusa.com/Manuals/05103-90(M).pdf	http://www.youngusa.com/Brochures/05103(0106).pdf				Necessário realizar teste
13	8	136107	PNBOIA	15	50103	RM YOUNG	2	1	http://www.youngusa.com/catalog/images/05103_edit.gif	http://www.youngusa.com/Manuals/05103-90(M).pdf	http://www.youngusa.com/Brochures/05103(0106).pdf				Necessário realizar teste
14	8	131114	PNBOIA	16	50103	RM YOUNG	2	1	http://www.youngusa.com/catalog/images/05103_edit.gif	http://www.youngusa.com/Manuals/05103-90(M).pdf	http://www.youngusa.com/Brochures/05103(0106).pdf				Necessário realizar teste
15	8	82104	PNBOIA	17	50103	RM YOUNG	2	1	http://www.youngusa.com/catalog/images/05103_edit.gif	http://www.youngusa.com/Manuals/05103-90(M).pdf	http://www.youngusa.com/Brochures/05103(0106).pdf				Necessário realizar teste
16	8	103396	PNBOIA	18	50103	RM YOUNG	2	1	http://www.youngusa.com/catalog/images/05103_edit.gif	http://www.youngusa.com/Manuals/05103-90(M).pdf	http://www.youngusa.com/Brochures/05103(0106).pdf			12/08/2020	Necessário realizar teste
17	8	103394	PNBOIA	19	50103	RM YOUNG	2	1	http://www.youngusa.com/catalog/images/05103_edit.gif	http://www.youngusa.com/Manuals/05103-90(M).pdf	http://www.youngusa.com/Brochures/05103(0106).pdf			12/08/2020	Necessário realizar teste
18	8	116288	PNBOIA	20	50103	RM YOUNG	2	0	http://www.youngusa.com/catalog/images/05103_edit.gif	http://www.youngusa.com/Manuals/05103-90(M).pdf	http://www.youngusa.com/Brochures/05103(0106).pdf				AVARIADO
19	8	108367	PNBOIA	21	50103	RM YOUNG	2	1	http://www.youngusa.com/catalog/images/05103_edit.gif	http://www.youngusa.com/Manuals/05103-90(M).pdf	http://www.youngusa.com/Brochures/05103(0106).pdf				Necessário realizar teste
20	8	76018	PNBOIA	22	MODELO ANTIGO	RM YOUNG	2	1	http://www.youngusa.com/catalog/images/05103_edit.gif	http://www.youngusa.com/Manuals/05103-90(M).pdf	http://www.youngusa.com/Brochures/05103(0106).pdf				MODELO ANTIGO
21	8	130767	PNBOIA	169	50103	RM YOUNG	2	1	http://www.youngusa.com/catalog/images/05103_edit.gif	http://www.youngusa.com/Manuals/05103-90(M).pdf	http://www.youngusa.com/Brochures/05103(0106).pdf				
22	8	136747	PNBOIA	170	50103	RM YOUNG	2	1	http://www.youngusa.com/catalog/images/05103_edit.gif	http://www.youngusa.com/Manuals/05103-90(M).pdf	http://www.youngusa.com/Brochures/05103(0106).pdf				
23	9	61441777	PNBOIA	29	MP101A	ROTRONIC	2	0	https://www.rotronic.com/media/catalog/product/cache/6/image/9df78eab33525d08d6e5fb8d27136e95/m/p/mp10xa_40xa.jpg	https://www.rotronic.com/en/productattachments/index/download?id=300	https://www.rotronic.com/en/mp10xa-mp40xa.html				Mal funcionamento. OUT2018
24	9	61441800	PNBOIA	43	MP101A	ROTRONIC	2	0	https://www.rotronic.com/media/catalog/product/cache/6/image/9df78eab33525d08d6e5fb8d27136e95/m/p/mp10xa_40xa.jpg	https://www.rotronic.com/en/productattachments/index/download?id=300	https://www.rotronic.com/en/mp10xa-mp40xa.html				Avariado
25	9	61441772	PNBOIA	37	MP101A	ROTRONIC	2	0	https://www.rotronic.com/media/catalog/product/cache/6/image/9df78eab33525d08d6e5fb8d27136e95/m/p/mp10xa_40xa.jpg	https://www.rotronic.com/en/productattachments/index/download?id=300	https://www.rotronic.com/en/mp10xa-mp40xa.html				Mal funcionamento. OUT2018
26	9	61441780	PNBOIA	26	MP101A	ROTRONIC	2	0	https://www.rotronic.com/media/catalog/product/cache/6/image/9df78eab33525d08d6e5fb8d27136e95/m/p/mp10xa_40xa.jpg	https://www.rotronic.com/en/productattachments/index/download?id=300	https://www.rotronic.com/en/mp10xa-mp40xa.html				Mal funcionamento. OUT2018
27	9	61251843	PNBOIA	36	MP101A	ROTRONIC	2	0	https://www.rotronic.com/media/catalog/product/cache/6/image/9df78eab33525d08d6e5fb8d27136e95/m/p/mp10xa_40xa.jpg	https://www.rotronic.com/en/productattachments/index/download?id=301	https://www.rotronic.com/en/mp10xa-mp40xa.html				Avariado
28	9	60308704	PNBOIA	38	MP101A	ROTRONIC	2	0	https://www.rotronic.com/media/catalog/product/cache/6/image/9df78eab33525d08d6e5fb8d27136e95/m/p/mp10xa_40xa.jpg	https://www.rotronic.com/en/productattachments/index/download?id=301	https://www.rotronic.com/en/mp10xa-mp40xa.html				Avariado
29	9	60494894	PNBOIA	42	MP101A	ROTRONIC	2	0	https://www.rotronic.com/media/catalog/product/cache/6/image/9df78eab33525d08d6e5fb8d27136e95/m/p/mp10xa_40xa.jpg	https://www.rotronic.com/en/productattachments/index/download?id=301	https://www.rotronic.com/en/mp10xa-mp40xa.html				Avariado
30	9	148784	PNBOIA	48	MP101A	ROTRONIC	2	1	https://www.rotronic.com/media/catalog/product/cache/6/image/9df78eab33525d08d6e5fb8d27136e95/m/p/mp10xa_40xa.jpg	https://www.rotronic.com/en/productattachments/index/download?id=301	https://www.rotronic.com/en/mp10xa-mp40xa.html			12/08/2020	Necessário realizar teste
31	9	60424709	PNBOIA	41	MP101A	ROTRONIC	2	0	https://www.rotronic.com/media/catalog/product/cache/6/image/9df78eab33525d08d6e5fb8d27136e95/m/p/mp10xa_40xa.jpg	https://www.rotronic.com/en/productattachments/index/download?id=302	https://www.rotronic.com/en/mp10xa-mp40xa.html				Mal funcionamento
32	9	61441799	PNBOIA	27	MP101A	ROTRONIC	2	1	https://www.rotronic.com/media/catalog/product/cache/6/image/9df78eab33525d08d6e5fb8d27136e95/m/p/mp10xa_40xa.jpg	https://www.rotronic.com/en/productattachments/index/download?id=302	https://www.rotronic.com/en/mp10xa-mp40xa.html				Necessário realizar teste
33	9	61441791	PNBOIA	32	MP101A	ROTRONIC	2	1	https://www.rotronic.com/media/catalog/product/cache/6/image/9df78eab33525d08d6e5fb8d27136e95/m/p/mp10xa_40xa.jpg	https://www.rotronic.com/en/productattachments/index/download?id=302	https://www.rotronic.com/en/mp10xa-mp40xa.html				Necessário realizar teste
34	9	61372495	PNBOIA	24	MP101A	ROTRONIC	2	0	https://www.rotronic.com/media/catalog/product/cache/6/image/9df78eab33525d08d6e5fb8d27136e95/m/p/mp10xa_40xa.jpg	https://www.rotronic.com/en/productattachments/index/download?id=302	https://www.rotronic.com/en/mp10xa-mp40xa.html				Avariado
35	9	61251847	PNBOIA	23	MP101A	ROTRONIC	2	1	https://www.rotronic.com/media/catalog/product/cache/6/image/9df78eab33525d08d6e5fb8d27136e95/m/p/mp10xa_40xa.jpg	https://www.rotronic.com/en/productattachments/index/download?id=303	https://www.rotronic.com/en/mp10xa-mp40xa.html				Necessário realizar teste
36	9	61441779	PNBOIA	45	MP101A	ROTRONIC	2	1	https://www.rotronic.com/media/catalog/product/cache/6/image/9df78eab33525d08d6e5fb8d27136e95/m/p/mp10xa_40xa.jpg	https://www.rotronic.com/en/productattachments/index/download?id=303	https://www.rotronic.com/en/mp10xa-mp40xa.html				Necessário realizar teste
37	9	61441797	PNBOIA	44	MP101A	ROTRONIC	2	0	https://www.rotronic.com/media/catalog/product/cache/6/image/9df78eab33525d08d6e5fb8d27136e95/m/p/mp10xa_40xa.jpg	https://www.rotronic.com/en/productattachments/index/download?id=303	https://www.rotronic.com/en/mp10xa-mp40xa.html				Avariado
38	9	61251845	PNBOIA	40	MP101A	ROTRONIC	2	0	https://www.rotronic.com/media/catalog/product/cache/6/image/9df78eab33525d08d6e5fb8d27136e95/m/p/mp10xa_40xa.jpg	https://www.rotronic.com/en/productattachments/index/download?id=303	https://www.rotronic.com/en/mp10xa-mp40xa.html				Avariado
39	9	60424713	PNBOIA	33	MP101A	ROTRONIC	2	0	https://www.rotronic.com/media/catalog/product/cache/6/image/9df78eab33525d08d6e5fb8d27136e95/m/p/mp10xa_40xa.jpg	https://www.rotronic.com/en/productattachments/index/download?id=304	https://www.rotronic.com/en/mp10xa-mp40xa.html				Avariado
40	9	148778	PNBOIA	35	MP101A	ROTRONIC	2	1	https://www.rotronic.com/media/catalog/product/cache/6/image/9df78eab33525d08d6e5fb8d27136e95/m/p/mp10xa_40xa.jpg	https://www.rotronic.com/en/productattachments/index/download?id=304	https://www.rotronic.com/en/mp10xa-mp40xa.html				Necessário realizar teste (2008)
41	9	60494895	PNBOIA	34	MP101A	ROTRONIC	2	1	https://www.rotronic.com/media/catalog/product/cache/6/image/9df78eab33525d08d6e5fb8d27136e95/m/p/mp10xa_40xa.jpg	https://www.rotronic.com/en/productattachments/index/download?id=304	https://www.rotronic.com/en/mp10xa-mp40xa.html				Necessário realizar teste
42	9	61441774	PNBOIA	39	MP101A	ROTRONIC	2	0	https://www.rotronic.com/media/catalog/product/cache/6/image/9df78eab33525d08d6e5fb8d27136e95/m/p/mp10xa_40xa.jpg	https://www.rotronic.com/en/productattachments/index/download?id=304	https://www.rotronic.com/en/mp10xa-mp40xa.html				Necessário realizar teste
43	9	61084078	PNBOIA	25	MP101A	ROTRONIC	2	1	https://www.rotronic.com/media/catalog/product/cache/6/image/9df78eab33525d08d6e5fb8d27136e95/m/p/mp10xa_40xa.jpg	https://www.rotronic.com/en/productattachments/index/download?id=305	https://www.rotronic.com/en/mp10xa-mp40xa.html				Necessário realizar teste
44	9	60348891	PNBOIA	30	MP101A	ROTRONIC	2	1	https://www.rotronic.com/media/catalog/product/cache/6/image/9df78eab33525d08d6e5fb8d27136e95/m/p/mp10xa_40xa.jpg	https://www.rotronic.com/en/productattachments/index/download?id=305	https://www.rotronic.com/en/mp10xa-mp40xa.html				Necessário realizar teste
45	9	61441783	PNBOIA	31	MP101A	ROTRONIC	2	1	https://www.rotronic.com/media/catalog/product/cache/6/image/9df78eab33525d08d6e5fb8d27136e95/m/p/mp10xa_40xa.jpg	https://www.rotronic.com/en/productattachments/index/download?id=305	https://www.rotronic.com/en/mp10xa-mp40xa.html				Necessário realizar teste
46	9	61441776	PNBOIA	28	MP101A	ROTRONIC	2	0	https://www.rotronic.com/media/catalog/product/cache/6/image/9df78eab33525d08d6e5fb8d27136e95/m/p/mp10xa_40xa.jpg	https://www.rotronic.com/en/productattachments/index/download?id=305	https://www.rotronic.com/en/mp10xa-mp40xa.html				Avariado
47	10	19520	PNBOIA	50	TR-1060	RBR	2	1	https://www.esonetyellowpages.com/img/sensors/tr1060_mqXg.jpg	https://www.bodc.ac.uk/data/documents/nodb/pdf/rbr_logger_users_manual.pdf	http://www.oceandata.co.kr/GroupWare/Home/product/brochure/rbr/TR-1060.pdf				
48	10	19524	PNBOIA	51	TR-1060	RBR	2	1	https://www.esonetyellowpages.com/img/sensors/tr1060_mqXg.jpg	https://www.bodc.ac.uk/data/documents/nodb/pdf/rbr_logger_users_manual.pdf	http://www.oceandata.co.kr/GroupWare/Home/product/brochure/rbr/TR-1060.pdf				
49	10	19519	PNBOIA	49	TR-1060	RBR	2	1	https://www.esonetyellowpages.com/img/sensors/tr1060_mqXg.jpg	https://www.bodc.ac.uk/data/documents/nodb/pdf/rbr_logger_users_manual.pdf	http://www.oceandata.co.kr/GroupWare/Home/product/brochure/rbr/TR-1060.pdf				
50	11	1785	PNBOIA	53	FLNTUS	WETLABS	2	1	https://seacatalog.com/wp-content/uploads/2016/08/ECO-FLNTU_WebSafe.jpg	https://www.seabird.com/asset-get.download.jsa?id=56310811251	https://www.seabird.com/asset-get.download.jsa?id=55460873804				AVARIADO
51	11	1784	PNBOIA	52	FLNTUS	WETLABS	2	1	https://seacatalog.com/wp-content/uploads/2016/08/ECO-FLNTU_WebSafe.jpg	https://www.seabird.com/asset-get.download.jsa?id=56310811251	https://www.seabird.com/asset-get.download.jsa?id=55460873804				AVARIADO
52	17	TAS 02530	PNBOIA	110	TRIAXYS G1	AXYS	2	1	https://encrypted-tbn0.gstatic.com/images?q=tbn:ANd9GcT7_1I0hQluwgb_jR1Ha7zqVkqu0dluEzXC-w&usqp=CAU	http://www.neracoos.org/sites/neracoos.org/files/documents/Appendix%20B%20-TRIAXYS%20Directional%20Wave%20Sensor%20Manual.pdf	https://axystechnologies.com/wp-content/uploads/2017/01/TRIAXYS-g3-Sensor.pdf				
53	17	TAS 04590	PNBOIA	161	TRIAXYS G1	AXYS	2	1	https://encrypted-tbn0.gstatic.com/images?q=tbn:ANd9GcT7_1I0hQluwgb_jR1Ha7zqVkqu0dluEzXC-w&usqp=CAU	http://www.neracoos.org/sites/neracoos.org/files/documents/Appendix%20B%20-TRIAXYS%20Directional%20Wave%20Sensor%20Manual.pdf	https://axystechnologies.com/wp-content/uploads/2017/01/TRIAXYS-g3-Sensor.pdf				
54	17	TAS 02100	PNBOIA	174	TRIAXYS G1	AXYS	2	1	https://encrypted-tbn0.gstatic.com/images?q=tbn:ANd9GcT7_1I0hQluwgb_jR1Ha7zqVkqu0dluEzXC-w&usqp=CAU	http://www.neracoos.org/sites/neracoos.org/files/documents/Appendix%20B%20-TRIAXYS%20Directional%20Wave%20Sensor%20Manual.pdf	https://axystechnologies.com/wp-content/uploads/2017/01/TRIAXYS-g3-Sensor.pdf				
55	17	TAS 02610	PNBOIA	173	TRIAXYS G1	AXYS	2	1	https://encrypted-tbn0.gstatic.com/images?q=tbn:ANd9GcT7_1I0hQluwgb_jR1Ha7zqVkqu0dluEzXC-w&usqp=CAU	http://www.neracoos.org/sites/neracoos.org/files/documents/Appendix%20B%20-TRIAXYS%20Directional%20Wave%20Sensor%20Manual.pdf	https://axystechnologies.com/wp-content/uploads/2017/01/TRIAXYS-g3-Sensor.pdf				
56	17	TAS 05411	PNBOIA	172	TRIAXYS G1	AXYS	2	1	https://encrypted-tbn0.gstatic.com/images?q=tbn:ANd9GcT7_1I0hQluwgb_jR1Ha7zqVkqu0dluEzXC-w&usqp=CAU	http://www.neracoos.org/sites/neracoos.org/files/documents/Appendix%20B%20-TRIAXYS%20Directional%20Wave%20Sensor%20Manual.pdf	https://axystechnologies.com/wp-content/uploads/2017/01/TRIAXYS-g3-Sensor.pdf				
57	22	631536	PNBOIA	162		L3 COMMUNICATIONS	2	1	https://usermanual.wiki/L3-Technologies/0ATN01.additional-info/User-Guide-1025160-Page-1.png	https://usermanual.wiki/L3-Technologies/0ATN01.additional-info-1025160.pdf					
58	22	696156	PNBOIA	163		L3 COMMUNICATIONS	2	1	https://usermanual.wiki/L3-Technologies/0ATN01.additional-info/User-Guide-1025160-Page-1.png	https://usermanual.wiki/L3-Technologies/0ATN01.additional-info-1025160.pdf					
59	22	631533	PNBOIA	164		L3 COMMUNICATIONS	2	1	https://usermanual.wiki/L3-Technologies/0ATN01.additional-info/User-Guide-1025160-Page-1.png	https://usermanual.wiki/L3-Technologies/0ATN01.additional-info-1025160.pdf					
60	22	945494	PNBOIA	171		L3 COMMUNICATIONS	2	1	https://usermanual.wiki/L3-Technologies/0ATN01.additional-info/User-Guide-1025160-Page-1.png	https://usermanual.wiki/L3-Technologies/0ATN01.additional-info-1025160.pdf					
61	22	655445	PNBOIA	181		L3 COMMUNICATIONS	2	1	https://usermanual.wiki/L3-Technologies/0ATN01.additional-info/User-Guide-1025160-Page-1.png	https://usermanual.wiki/L3-Technologies/0ATN01.additional-info-1025160.pdf					
62	12	1560009723	PNBOIA	65	M660	Carmanah	3	1	https://marine.sabik.com/images/virtuemart/product/M660_product_black.jpg	https://fccid.io/2AJI5-CMH660/User-Manual/user-manual-3155700	https://marine.sabik.com/docman-file-listing/372-datasheet-m660				Regarregada em 03SET19
63	12	1560009727	PNBOIA	63	M660	Carmanah	3	1	https://marine.sabik.com/images/virtuemart/product/M660_product_black.jpg	https://fccid.io/2AJI5-CMH660/User-Manual/user-manual-3155700	https://marine.sabik.com/docman-file-listing/372-datasheet-m660				Regarregada em 03SET19
64	12	1560009731	PNBOIA	66	M660	Carmanah	3	1	https://marine.sabik.com/images/virtuemart/product/M660_product_black.jpg	https://fccid.io/2AJI5-CMH660/User-Manual/user-manual-3155700	https://marine.sabik.com/docman-file-listing/372-datasheet-m660				Regarregada em 03SET19
65	12	1560009728	PNBOIA	70	M660	Carmanah	3	1	https://marine.sabik.com/images/virtuemart/product/M660_product_black.jpg	https://fccid.io/2AJI5-CMH660/User-Manual/user-manual-3155700	https://marine.sabik.com/docman-file-listing/372-datasheet-m660				Regarregada em 03SET19
66	12	1560009726	PNBOIA	69	M660	Carmanah	3	1	https://marine.sabik.com/images/virtuemart/product/M660_product_black.jpg	https://fccid.io/2AJI5-CMH660/User-Manual/user-manual-3155700	https://marine.sabik.com/docman-file-listing/372-datasheet-m660				Regarregada em 03SET19
67	12	1560009724	PNBOIA	67	M660	Carmanah	3	1	https://marine.sabik.com/images/virtuemart/product/M660_product_black.jpg	https://fccid.io/2AJI5-CMH660/User-Manual/user-manual-3155700	https://marine.sabik.com/docman-file-listing/372-datasheet-m660				Regarregada em 03SET19
68	12	1560009722	PNBOIA	64	M660	Carmanah	3	1	https://marine.sabik.com/images/virtuemart/product/M660_product_black.jpg	https://fccid.io/2AJI5-CMH660/User-Manual/user-manual-3155700	https://marine.sabik.com/docman-file-listing/372-datasheet-m660				
69	12	408449	PNBOIA	58	M700 SERIES	Carmanah	3	1	https://encrypted-tbn0.gstatic.com/images?q=tbn:ANd9GcSczgK2bnU21-fsKDZ4XVe5jBFMWZFTYQCDqQ&usqp=CAU		http://www.hemvan.com.tw/index.php?module=product&mn=4&f=download&id=50190				
70	12	408618	PNBOIA	55	M700 SERIES	Carmanah	3	1	https://encrypted-tbn0.gstatic.com/images?q=tbn:ANd9GcSczgK2bnU21-fsKDZ4XVe5jBFMWZFTYQCDqQ&usqp=CAU		http://www.hemvan.com.tw/index.php?module=product&mn=4&f=download&id=50190				
71	12	1360028046	PNBOIA	56	M850 SERIES	Carmanah	3	1	https://marine.sabik.com/images/virtuemart/product/Sabik_M850_1.jpg	https://www.flashtechnology.com/flash/manuals/69928_8XX_User_Manual_RevB.pdf	https://marine.sabik.com/docman-file-listing/773-sabik-marine-datasheet-m850-2020				
72	12	312109	PNBOIA	54	M700 SERIES	Carmanah	3	1	https://encrypted-tbn0.gstatic.com/images?q=tbn:ANd9GcSczgK2bnU21-fsKDZ4XVe5jBFMWZFTYQCDqQ&usqp=CAU		http://www.hemvan.com.tw/index.php?module=product&mn=4&f=download&id=50190				Necessita troca de baterias e teste
73	12	408452	PNBOIA	62	M700 SERIES	Carmanah	3	1	https://encrypted-tbn0.gstatic.com/images?q=tbn:ANd9GcSczgK2bnU21-fsKDZ4XVe5jBFMWZFTYQCDqQ&usqp=CAU		http://www.hemvan.com.tw/index.php?module=product&mn=4&f=download&id=50190				Necessita troca de baterias e teste
74	12	325259	PNBOIA	59	M700 SERIES	Carmanah	3	1	https://encrypted-tbn0.gstatic.com/images?q=tbn:ANd9GcSczgK2bnU21-fsKDZ4XVe5jBFMWZFTYQCDqQ&usqp=CAU		http://www.hemvan.com.tw/index.php?module=product&mn=4&f=download&id=50190				Necessita troca de baterias e teste
75	12	S/N	PNBOIA	74	M700 SERIES	Carmanah	3	1	https://encrypted-tbn0.gstatic.com/images?q=tbn:ANd9GcSczgK2bnU21-fsKDZ4XVe5jBFMWZFTYQCDqQ&usqp=CAU		http://www.hemvan.com.tw/index.php?module=product&mn=4&f=download&id=50190				Necessita troca de baterias e teste
76	13	A4730018	PNBOIA	86	PTB101B	VAISALA	3	1	https://encrypted-tbn0.gstatic.com/images?q=tbn:ANd9GcRTY2f1EfxRf58sEzm7hol9AflugNcuTV5iUw&usqp=CAU	https://www.google.com/url?sa=t&rct=j&q=&esrc=s&source=web&cd=&ved=2ahUKEwiwwO3Bvo_vAhV0IbkGHR0CDlcQFjABegQIAhAD&url=https%3A%2F%2Fwww.vaisala.com%2Fsites%2Fdefault%2Ffiles%2Fdocuments%2FPTB110%2520User%2520Guide%2520in%2520English.pdf&usg=AOvVaw2_qIw9zjJgJPZF0R0ZEIsS				01/11/2005	
77	13	S0320003	PNBOIA	88	PTB100A	VAISALA	3	1	https://encrypted-tbn0.gstatic.com/images?q=tbn:ANd9GcRTY2f1EfxRf58sEzm7hol9AflugNcuTV5iUw&usqp=CAU	https://www.google.com/url?sa=t&rct=j&q=&esrc=s&source=web&cd=&ved=2ahUKEwiwwO3Bvo_vAhV0IbkGHR0CDlcQFjABegQIAhAD&url=https%3A%2F%2Fwww.vaisala.com%2Fsites%2Fdefault%2Ffiles%2Fdocuments%2FPTB110%2520User%2520Guide%2520in%2520English.pdf&usg=AOvVaw2_qIw9zjJgJPZF0R0ZEIsS					
78	13	B3910014	PNBOIA	87	PTB101B	VAISALA	3	1	https://encrypted-tbn0.gstatic.com/images?q=tbn:ANd9GcRTY2f1EfxRf58sEzm7hol9AflugNcuTV5iUw&usqp=CAU	https://www.google.com/url?sa=t&rct=j&q=&esrc=s&source=web&cd=&ved=2ahUKEwiwwO3Bvo_vAhV0IbkGHR0CDlcQFjABegQIAhAD&url=https%3A%2F%2Fwww.vaisala.com%2Fsites%2Fdefault%2Ffiles%2Fdocuments%2FPTB110%2520User%2520Guide%2520in%2520English.pdf&usg=AOvVaw2_qIw9zjJgJPZF0R0ZEIsS				01/09/2006	
79	13	E4740004	PNBOIA	84	PTB110	VAISALA	3	1	https://encrypted-tbn0.gstatic.com/images?q=tbn:ANd9GcRTY2f1EfxRf58sEzm7hol9AflugNcuTV5iUw&usqp=CAU	https://www.google.com/url?sa=t&rct=j&q=&esrc=s&source=web&cd=&ved=2ahUKEwiwwO3Bvo_vAhV0IbkGHR0CDlcQFjABegQIAhAD&url=https%3A%2F%2Fwww.vaisala.com%2Fsites%2Fdefault%2Ffiles%2Fdocuments%2FPTB110%2520User%2520Guide%2520in%2520English.pdf&usg=AOvVaw2_qIw9zjJgJPZF0R0ZEIsS				12/08/2020	
80	13	H0530005	PNBOIA	81	PTB110	VAISALA	3	1	https://encrypted-tbn0.gstatic.com/images?q=tbn:ANd9GcRTY2f1EfxRf58sEzm7hol9AflugNcuTV5iUw&usqp=CAU	https://www.google.com/url?sa=t&rct=j&q=&esrc=s&source=web&cd=&ved=2ahUKEwiwwO3Bvo_vAhV0IbkGHR0CDlcQFjABegQIAhAD&url=https%3A%2F%2Fwww.vaisala.com%2Fsites%2Fdefault%2Ffiles%2Fdocuments%2FPTB110%2520User%2520Guide%2520in%2520English.pdf&usg=AOvVaw2_qIw9zjJgJPZF0R0ZEIsS					
81	13	E4740006	PNBOIA	75	PTB110	VAISALA	3	1	https://encrypted-tbn0.gstatic.com/images?q=tbn:ANd9GcRTY2f1EfxRf58sEzm7hol9AflugNcuTV5iUw&usqp=CAU	https://www.google.com/url?sa=t&rct=j&q=&esrc=s&source=web&cd=&ved=2ahUKEwiwwO3Bvo_vAhV0IbkGHR0CDlcQFjABegQIAhAD&url=https%3A%2F%2Fwww.vaisala.com%2Fsites%2Fdefault%2Ffiles%2Fdocuments%2FPTB110%2520User%2520Guide%2520in%2520English.pdf&usg=AOvVaw2_qIw9zjJgJPZF0R0ZEIsS				01/11/2009	
82	13	F1450074	PNBOIA	79	PTB110	VAISALA	3	1	https://encrypted-tbn0.gstatic.com/images?q=tbn:ANd9GcRTY2f1EfxRf58sEzm7hol9AflugNcuTV5iUw&usqp=CAU	https://www.google.com/url?sa=t&rct=j&q=&esrc=s&source=web&cd=&ved=2ahUKEwiwwO3Bvo_vAhV0IbkGHR0CDlcQFjABegQIAhAD&url=https%3A%2F%2Fwww.vaisala.com%2Fsites%2Fdefault%2Ffiles%2Fdocuments%2FPTB110%2520User%2520Guide%2520in%2520English.pdf&usg=AOvVaw2_qIw9zjJgJPZF0R0ZEIsS				01/04/2010	
83	13	F2610001	PNBOIA	78	PTB110	VAISALA	3	1	https://encrypted-tbn0.gstatic.com/images?q=tbn:ANd9GcRTY2f1EfxRf58sEzm7hol9AflugNcuTV5iUw&usqp=CAU	https://www.google.com/url?sa=t&rct=j&q=&esrc=s&source=web&cd=&ved=2ahUKEwiwwO3Bvo_vAhV0IbkGHR0CDlcQFjABegQIAhAD&url=https%3A%2F%2Fwww.vaisala.com%2Fsites%2Fdefault%2Ffiles%2Fdocuments%2FPTB110%2520User%2520Guide%2520in%2520English.pdf&usg=AOvVaw2_qIw9zjJgJPZF0R0ZEIsS				01/06/2010	
84	13	BPA 7176	PNBOIA	90	61302V	RM YOUNG	3	1	http://www.youngusa.com/catalog/images/61302V%20edit%20bw%20small.jpg	http://www.youngusa.com/Manuals/61302V-90(i).pdf	http://www.youngusa.com/Brochures/61302%20(0713)%20Hi%20Res.pdf				
85	13	BPA 7266	PNBOIA	89	61302V	RM YOUNG	3	1	http://www.youngusa.com/catalog/images/61302V%20edit%20bw%20small.jpg	http://www.youngusa.com/Manuals/61302V-90(i).pdf	http://www.youngusa.com/Brochures/61302%20(0713)%20Hi%20Res.pdf				
86	13	F0440015	PNBOIA	77	PTB110	VAISALA	3	1	https://www.vaisala.com/sites/default/files/styles/product_main/public/images/PROD-PTB110-1280x960.jpg?itok=EX1PcV62	https://www.vaisala.com/sites/default/files/documents/PTB110%20User%20Guide%20in%20English.pdf	https://www.vaisala.com/sites/default/files/documents/PTB110-Datasheet-B210681EN.pdf			01/02/2010	
87	13	D3320078	PNBOIA	80	PTB110	VAISALA	3	1	https://www.vaisala.com/sites/default/files/styles/product_main/public/images/PROD-PTB110-1280x960.jpg?itok=EX1PcV62	https://www.vaisala.com/sites/default/files/documents/PTB110%20User%20Guide%20in%20English.pdf	https://www.vaisala.com/sites/default/files/documents/PTB110-Datasheet-B210681EN.pdf			01/08/2008	
88	13	D3320077	PNBOIA	76	PTB110	VAISALA	3	1	https://www.vaisala.com/sites/default/files/styles/product_main/public/images/PROD-PTB110-1280x960.jpg?itok=EX1PcV62	https://www.vaisala.com/sites/default/files/documents/PTB110%20User%20Guide%20in%20English.pdf	https://www.vaisala.com/sites/default/files/documents/PTB110-Datasheet-B210681EN.pdf			01/08/2008	
89	13	D3320076	PNBOIA	82	PTB110	VAISALA	3	1	https://www.vaisala.com/sites/default/files/styles/product_main/public/images/PROD-PTB110-1280x960.jpg?itok=EX1PcV62	https://www.vaisala.com/sites/default/files/documents/PTB110%20User%20Guide%20in%20English.pdf	https://www.vaisala.com/sites/default/files/documents/PTB110-Datasheet-B210681EN.pdf			01/08/2008	
90	13	H0530004	PNBOIA	83	PTB110	VAISALA	3	1	https://www.vaisala.com/sites/default/files/styles/product_main/public/images/PROD-PTB110-1280x960.jpg?itok=EX1PcV62	https://www.vaisala.com/sites/default/files/documents/PTB110%20User%20Guide%20in%20English.pdf	https://www.vaisala.com/sites/default/files/documents/PTB110-Datasheet-B210681EN.pdf				
91	13	F1450075	PNBOIA	6	PTB110	VAISALA	3	1	https://www.vaisala.com/sites/default/files/styles/product_main/public/images/PROD-PTB110-1280x960.jpg?itok=EX1PcV62	https://www.vaisala.com/sites/default/files/documents/PTB110%20User%20Guide%20in%20English.pdf	https://www.vaisala.com/sites/default/files/documents/PTB110-Datasheet-B210681EN.pdf			01/04/2010	
92	14	110973	PNBOIA	92	03N65747	ELTA	3	1	http://www.hobeco.net/sites/default/files/hal2_transmissor_satelital.jpg		http://www.geo.uib.no/eworkshop/uploads/Main/ARGOS_HAL2_eng.pdf	09/03/2012			
93	14	141078	PNBOIA	91	03N65747	ELTA	3	1	http://www.hobeco.net/sites/default/files/hal2_transmissor_satelital.jpg		http://www.geo.uib.no/eworkshop/uploads/Main/ARGOS_HAL2_eng.pdf	11/02/2014			
94	14	100875	PNBOIA	165	03N65747-E	ELTA	3	1	http://www.hobeco.net/sites/default/files/hal2_transmissor_satelital.jpg		http://www.geo.uib.no/eworkshop/uploads/Main/ARGOS_HAL2_eng.pdf				
95	14	70603	PNBOIA	166	03N65747-E	ELTA	3	1	http://www.hobeco.net/sites/default/files/hal2_transmissor_satelital.jpg		http://www.geo.uib.no/eworkshop/uploads/Main/ARGOS_HAL2_eng.pdf				
96	14	80822	PNBOIA	175	03N65747-E	ELTA	3	1	http://www.hobeco.net/sites/default/files/hal2_transmissor_satelital.jpg		http://www.geo.uib.no/eworkshop/uploads/Main/ARGOS_HAL2_eng.pdf				
97	15	80700685	PNBOIA	96	C100	KVH	3	1	https://www.kvh.com/-/media/images/content/products/compass/c100-compass-engine/prod_gal_c100_compass_02.ashx		http://www.canalgeomatics.com/wp-content/uploads/2017/08/kvh-c100-datasheet.pdf				
98	15	50702331	PNBOIA	100	C100	KVH	3	1	https://www.kvh.com/-/media/images/content/products/compass/c100-compass-engine/prod_gal_c100_compass_02.ashx		http://www.canalgeomatics.com/wp-content/uploads/2017/08/kvh-c100-datasheet.pdf				
99	15	120201256	PNBOIA	98	C100	KVH	3	1	https://www.kvh.com/-/media/images/content/products/compass/c100-compass-engine/prod_gal_c100_compass_02.ashx		http://www.canalgeomatics.com/wp-content/uploads/2017/08/kvh-c100-datasheet.pdf				
100	15	100400399	PNBOIA	95	C100	KVH	3	1	https://www.kvh.com/-/media/images/content/products/compass/c100-compass-engine/prod_gal_c100_compass_02.ashx		http://www.canalgeomatics.com/wp-content/uploads/2017/08/kvh-c100-datasheet.pdf				
101	15	130401466	PNBOIA	93	C100	KVH	3	1	https://www.kvh.com/-/media/images/content/products/compass/c100-compass-engine/prod_gal_c100_compass_02.ashx		http://www.canalgeomatics.com/wp-content/uploads/2017/08/kvh-c100-datasheet.pdf				
102	15	100400401	PNBOIA	102	C100	KVH	3	1	https://www.kvh.com/-/media/images/content/products/compass/c100-compass-engine/prod_gal_c100_compass_02.ashx		http://www.canalgeomatics.com/wp-content/uploads/2017/08/kvh-c100-datasheet.pdf				
103	15	141001785	PNBOIA	103	C100	KVH	3	1	https://www.kvh.com/-/media/images/content/products/compass/c100-compass-engine/prod_gal_c100_compass_02.ashx		http://www.canalgeomatics.com/wp-content/uploads/2017/08/kvh-c100-datasheet.pdf				
104	15	140100800	PNBOIA	105	C100	KVH	3	1	https://www.kvh.com/-/media/images/content/products/compass/c100-compass-engine/prod_gal_c100_compass_02.ashx		http://www.canalgeomatics.com/wp-content/uploads/2017/08/kvh-c100-datasheet.pdf				
105	15	120501706	PNBOIA	97	C100	KVH	3	1	https://www.kvh.com/-/media/images/content/products/compass/c100-compass-engine/prod_gal_c100_compass_02.ashx		http://www.canalgeomatics.com/wp-content/uploads/2017/08/kvh-c100-datasheet.pdf				
106	15	100400418	PNBOIA	104	C100	KVH	3	1	https://www.kvh.com/-/media/images/content/products/compass/c100-compass-engine/prod_gal_c100_compass_02.ashx		http://www.canalgeomatics.com/wp-content/uploads/2017/08/kvh-c100-datasheet.pdf				
107	15	80900097	PNBOIA	99	C100	KVH	3	1	https://www.kvh.com/-/media/images/content/products/compass/c100-compass-engine/prod_gal_c100_compass_02.ashx		http://www.canalgeomatics.com/wp-content/uploads/2017/08/kvh-c100-datasheet.pdf				
108	15	80900095	PNBOIA	101	C100	KVH	3	1	https://www.kvh.com/-/media/images/content/products/compass/c100-compass-engine/prod_gal_c100_compass_02.ashx		http://www.canalgeomatics.com/wp-content/uploads/2017/08/kvh-c100-datasheet.pdf				
109	15	120501702	PNBOIA	94	C100	KVH	3	1	https://www.kvh.com/-/media/images/content/products/compass/c100-compass-engine/prod_gal_c100_compass_02.ashx		http://www.canalgeomatics.com/wp-content/uploads/2017/08/kvh-c100-datasheet.pdf				
110	15	120501704	PNBOIA	109	C100	KVH	3	1	https://www.kvh.com/-/media/images/content/products/compass/c100-compass-engine/prod_gal_c100_compass_02.ashx		http://www.canalgeomatics.com/wp-content/uploads/2017/08/kvh-c100-datasheet.pdf				
111	16	AQP3218	PNBOIA	106	AQUADOPP 400khz	NORTEK	3	1	https://geo-matching.com/uploads/default/n/o/nortek-aquadopp-profiler-400khz-sideview.jpg	https://wiki.oceannetworks.ca/download/attachments/21758136/Nortek%20Aquadopp%20Current%20Profiler%20Manual%20-%20January%202008.pdf?api=v2	https://www.nortekgroup.com/products/aquadopp-profiler-400-khz/pdf			12/08/2019	
112	16	ILEGÍVEL	PNBOIA	107	AQUADOPP 400khz	NORTEK	3	1	https://geo-matching.com/uploads/default/n/o/nortek-aquadopp-profiler-400khz-sideview.jpg	https://wiki.oceannetworks.ca/download/attachments/21758136/Nortek%20Aquadopp%20Current%20Profiler%20Manual%20-%20January%202008.pdf?api=v2	https://www.nortekgroup.com/products/aquadopp-profiler-400-khz/pdf				ETIQUETADO COM AVARIA
113	16	ILEGÍVEL	PNBOIA	108	AQUADOPP 400khz	NORTEK	3	1	https://geo-matching.com/uploads/default/n/o/nortek-aquadopp-profiler-400khz-sideview.jpg	https://wiki.oceannetworks.ca/download/attachments/21758136/Nortek%20Aquadopp%20Current%20Profiler%20Manual%20-%20January%202008.pdf?api=v2	https://www.nortekgroup.com/products/aquadopp-profiler-400-khz/pdf				
114	20	WM503850	PNBOIA	149	WMAN	AXYS	3	1	https://encrypted-tbn0.gstatic.com/images?q=tbn:ANd9GcS9mlAI7dVaH4QvUmSYVr0jJv5GFgP1nMvWDA&usqp=CAU		http://axystechnologies.com/wp-content/uploads/2013/11/AXYS-WatchMan500-Network-Solution.pdf				
115	20	WM503520	PNBOIA	150	WMAN	AXYS	3	1	https://encrypted-tbn0.gstatic.com/images?q=tbn:ANd9GcS9mlAI7dVaH4QvUmSYVr0jJv5GFgP1nMvWDA&usqp=CAU		http://axystechnologies.com/wp-content/uploads/2013/11/AXYS-WatchMan500-Network-Solution.pdf				
116	20	270	PNBOIA	152	WMAN	AXYS	3	1	https://encrypted-tbn0.gstatic.com/images?q=tbn:ANd9GcS9mlAI7dVaH4QvUmSYVr0jJv5GFgP1nMvWDA&usqp=CAU		http://axystechnologies.com/wp-content/uploads/2013/11/AXYS-WatchMan500-Network-Solution.pdf				
117	20	210	PNBOIA	153	WMAN	AXYS	3	1	https://encrypted-tbn0.gstatic.com/images?q=tbn:ANd9GcS9mlAI7dVaH4QvUmSYVr0jJv5GFgP1nMvWDA&usqp=CAU		http://axystechnologies.com/wp-content/uploads/2013/11/AXYS-WatchMan500-Network-Solution.pdf				
118	20	269	PNBOIA	7		AXYS	3	1	https://encrypted-tbn0.gstatic.com/images?q=tbn:ANd9GcS9mlAI7dVaH4QvUmSYVr0jJv5GFgP1nMvWDA&usqp=CAU		http://axystechnologies.com/wp-content/uploads/2013/11/AXYS-WatchMan500-Network-Solution.pdf				
119	20	267	PNBOIA	9		AXYS	3	1	https://encrypted-tbn0.gstatic.com/images?q=tbn:ANd9GcS9mlAI7dVaH4QvUmSYVr0jJv5GFgP1nMvWDA&usqp=CAU		http://axystechnologies.com/wp-content/uploads/2013/11/AXYS-WatchMan500-Network-Solution.pdf				
120	20	WM504150	PNBOIA	155		AXYS	3	1	https://encrypted-tbn0.gstatic.com/images?q=tbn:ANd9GcS9mlAI7dVaH4QvUmSYVr0jJv5GFgP1nMvWDA&usqp=CAU		http://axystechnologies.com/wp-content/uploads/2013/11/AXYS-WatchMan500-Network-Solution.pdf				
121	20	209	PNBOIA	156	WMAN	AXYS	3	1	https://encrypted-tbn0.gstatic.com/images?q=tbn:ANd9GcS9mlAI7dVaH4QvUmSYVr0jJv5GFgP1nMvWDA&usqp=CAU		http://axystechnologies.com/wp-content/uploads/2013/11/AXYS-WatchMan500-Network-Solution.pdf				
122	20	WMTO221	PNBOIA	157	WMAN TX	AXYS	3	1	https://encrypted-tbn0.gstatic.com/images?q=tbn:ANd9GcS9mlAI7dVaH4QvUmSYVr0jJv5GFgP1nMvWDA&usqp=CAU						
123	20	WMTO222	PNBOIA	158	WMAN TX	AXYS	3	1	https://encrypted-tbn0.gstatic.com/images?q=tbn:ANd9GcS9mlAI7dVaH4QvUmSYVr0jJv5GFgP1nMvWDA&usqp=CAU						
124	20	WMTO0229	PNBOIA	159	WMAN TX	AXYS	3	1	https://encrypted-tbn0.gstatic.com/images?q=tbn:ANd9GcS9mlAI7dVaH4QvUmSYVr0jJv5GFgP1nMvWDA&usqp=CAU						
125	20	WMTO0230	PNBOIA	160	WMAN TX	AXYS	3	1	https://encrypted-tbn0.gstatic.com/images?q=tbn:ANd9GcS9mlAI7dVaH4QvUmSYVr0jJv5GFgP1nMvWDA&usqp=CAU						
126	20	WMTO0260	PNBOIA	176	WMAN TX	AXYS	3	1	https://encrypted-tbn0.gstatic.com/images?q=tbn:ANd9GcS9mlAI7dVaH4QvUmSYVr0jJv5GFgP1nMvWDA&usqp=CAU						
127	20	WMTO0220	PNBOIA	177	WMAN TX	AXYS	3	1	https://encrypted-tbn0.gstatic.com/images?q=tbn:ANd9GcS9mlAI7dVaH4QvUmSYVr0jJv5GFgP1nMvWDA&usqp=CAU						
128	20	WMTO0219	PNBOIA	178	WMAN TX	AXYS	3	1	https://encrypted-tbn0.gstatic.com/images?q=tbn:ANd9GcS9mlAI7dVaH4QvUmSYVr0jJv5GFgP1nMvWDA&usqp=CAU						
129	18	NÂO EXISTE	PNBOIA	113	Radiation Shield	rotronic	4	1	https://img.directindustry.com/images_di/photo-g/14766-14887071.jpg						
130	18	NÂO EXISTE	PNBOIA	114	Radiation Shield	rotronic	4	1	https://img.directindustry.com/images_di/photo-g/14766-14887071.jpg						
131	18	NÂO EXISTE	PNBOIA	115	Radiation Shield	rotronic	4	1	https://img.directindustry.com/images_di/photo-g/14766-14887071.jpg						
132	18	NÂO EXISTE	PNBOIA	116	Radiation Shield	rotronic	4	1	https://img.directindustry.com/images_di/photo-g/14766-14887071.jpg						
133	18	NÂO EXISTE	PNBOIA	117	Radiation Shield	rotronic	4	1	https://img.directindustry.com/images_di/photo-g/14766-14887071.jpg						
134	18	NÂO EXISTE	PNBOIA	118	Radiation Shield	rotronic	4	1	https://img.directindustry.com/images_di/photo-g/14766-14887071.jpg						
135	18	NÂO EXISTE	PNBOIA	119	Radiation Shield	rotronic	4	1	https://img.directindustry.com/images_di/photo-g/14766-14887071.jpg						
136	18	NÂO EXISTE	PNBOIA	120	Radiation Shield	rotronic	4	1	https://img.directindustry.com/images_di/photo-g/14766-14887071.jpg						
137	18	NÂO EXISTE	PNBOIA	121	Radiation Shield	rotronic	4	1	https://img.directindustry.com/images_di/photo-g/14766-14887071.jpg						
138	18	NÂO EXISTE	PNBOIA	122	Radiation Shield	rotronic	4	1	https://img.directindustry.com/images_di/photo-g/14766-14887071.jpg						
139	18	NÂO EXISTE	PNBOIA	123	Radiation Shield	rotronic	4	1	https://img.directindustry.com/images_di/photo-g/14766-14887071.jpg						
140	18	NÂO EXISTE	PNBOIA	124	Radiation Shield	rotronic	4	1	https://img.directindustry.com/images_di/photo-g/14766-14887071.jpg						
141	18	NÂO EXISTE	PNBOIA	125	Radiation Shield	rotronic	4	1	https://img.directindustry.com/images_di/photo-g/14766-14887071.jpg						
142	18	NÂO EXISTE	PNBOIA	126	Radiation Shield	rotronic	4	1	https://img.directindustry.com/images_di/photo-g/14766-14887071.jpg						
143	18	NÂO EXISTE	PNBOIA	127	Radiation Shield	rotronic	4	1	https://img.directindustry.com/images_di/photo-g/14766-14887071.jpg						
144	18	NÂO EXISTE	PNBOIA	128	Radiation Shield	rotronic	4	1	https://img.directindustry.com/images_di/photo-g/14766-14887071.jpg						
145	18	NÂO EXISTE	PNBOIA	129	Radiation Shield	rotronic	4	1	https://img.directindustry.com/images_di/photo-g/14766-14887071.jpg						
146	18	NÂO EXISTE	PNBOIA	130	Radiation Shield	rotronic	4	1	https://img.directindustry.com/images_di/photo-g/14766-14887071.jpg						
147	18	NÂO EXISTE	PNBOIA	131	Radiation Shield	rotronic	4	1	https://img.directindustry.com/images_di/photo-g/14766-14887071.jpg						
148	18	NÂO EXISTE	PNBOIA	132	Radiation Shield	rotronic	4	1	https://img.directindustry.com/images_di/photo-g/14766-14887071.jpg						
149	8	14520024	PNBOIA	138	WINDSONIC	GILL	4	1	https://www.romiotto.com.br/image/cache/catalog/Gill/anemometro_ultrassonico_2d_windsonic_75_i_7-400x400.jpg	http://gillinstruments.com/data/manuals/WindSonic-Web-Manual.pdf	http://www.gillinstruments.com/data/datasheets/windsonic-1405-027-iss7.pdf				ULTRASONICO
150	8	13510101	PNBOIA	143	WINDSONIC	GILL	4	1	https://www.romiotto.com.br/image/cache/catalog/Gill/anemometro_ultrassonico_2d_windsonic_75_i_7-400x400.jpg	http://gillinstruments.com/data/manuals/WindSonic-Web-Manual.pdf	http://www.gillinstruments.com/data/datasheets/windsonic-1405-027-iss7.pdf	23/05/2014			ULTRASONICO
151	8	13020036	PNBOIA	140	WINDSONIC	GILL	4	1	https://www.romiotto.com.br/image/cache/catalog/Gill/anemometro_ultrassonico_2d_windsonic_75_i_7-400x400.jpg	http://gillinstruments.com/data/manuals/WindSonic-Web-Manual.pdf	http://www.gillinstruments.com/data/datasheets/windsonic-1405-027-iss7.pdf	23/05/2014			ULTRASONICO
152	8	12340016	PNBOIA	141	WINDSONIC	GILL	4	1	https://www.romiotto.com.br/image/cache/catalog/Gill/anemometro_ultrassonico_2d_windsonic_75_i_7-400x400.jpg	http://gillinstruments.com/data/manuals/WindSonic-Web-Manual.pdf	http://www.gillinstruments.com/data/datasheets/windsonic-1405-027-iss7.pdf	21/03/2013			ULTRASONICO
153	8	12340018	PNBOIA	142	WINDSONIC	GILL	4	1	https://www.romiotto.com.br/image/cache/catalog/Gill/anemometro_ultrassonico_2d_windsonic_75_i_7-400x400.jpg	http://gillinstruments.com/data/manuals/WindSonic-Web-Manual.pdf	http://www.gillinstruments.com/data/datasheets/windsonic-1405-027-iss7.pdf	21/03/2013			ULTRASONICO
154	8	12380086	PNBOIA	133	WINDSONIC	GILL	4	0	https://www.romiotto.com.br/image/cache/catalog/Gill/anemometro_ultrassonico_2d_windsonic_75_i_7-400x400.jpg	http://gillinstruments.com/data/manuals/WindSonic-Web-Manual.pdf	http://www.gillinstruments.com/data/datasheets/windsonic-1405-027-iss7.pdf				AVARIADO
155	8	13510103	PNBOIA	136	WINDSONIC	GILL	4	1	https://www.romiotto.com.br/image/cache/catalog/Gill/anemometro_ultrassonico_2d_windsonic_75_i_7-400x400.jpg	http://gillinstruments.com/data/manuals/WindSonic-Web-Manual.pdf	http://www.gillinstruments.com/data/datasheets/windsonic-1405-027-iss7.pdf				ULTRASONICO
156	8	14320075	PNBOIA	137	WINDSONIC	GILL	4	1	https://www.romiotto.com.br/image/cache/catalog/Gill/anemometro_ultrassonico_2d_windsonic_75_i_7-400x400.jpg	http://gillinstruments.com/data/manuals/WindSonic-Web-Manual.pdf	http://www.gillinstruments.com/data/datasheets/windsonic-1405-027-iss7.pdf				ULTRASONICO
157	8	13510050	PNBOIA	134	WINDSONIC	GILL	4	1	https://www.romiotto.com.br/image/cache/catalog/Gill/anemometro_ultrassonico_2d_windsonic_75_i_7-400x400.jpg	http://gillinstruments.com/data/manuals/WindSonic-Web-Manual.pdf	http://www.gillinstruments.com/data/datasheets/windsonic-1405-027-iss7.pdf				ULTRASONICO
158	8	14520028	PNBOIA	144	WINDSONIC	GILL	4	1	https://www.romiotto.com.br/image/cache/catalog/Gill/anemometro_ultrassonico_2d_windsonic_75_i_7-400x400.jpg	http://gillinstruments.com/data/manuals/WindSonic-Web-Manual.pdf	http://www.gillinstruments.com/data/datasheets/windsonic-1405-027-iss7.pdf	18/06/2015			ULTRASONICO
159	8	14520023	PNBOIA	135	WINDSONIC	GILL	4	0	https://www.romiotto.com.br/image/cache/catalog/Gill/anemometro_ultrassonico_2d_windsonic_75_i_7-400x400.jpg	http://gillinstruments.com/data/manuals/WindSonic-Web-Manual.pdf	http://www.gillinstruments.com/data/datasheets/windsonic-1405-027-iss7.pdf				AVARIADO
160	19	01088910SKY3A03	PNBOIA	184	IDP-690	SKYWAVE	4	1	https://www.satelliteworldstore.com.au/wp-content/uploads/2014/12/maritime_idp-690_sm201206-sxg_side_entry.png	https://fccid.io/ANATEL/03690-11-01113/MANUAL-IDP690/DFCFF064-1047-499A-9D7F-DBC61D0E7CAE/PDF	https://www.orbcomm.com/PDF/datasheet/IDP-600-Asset-Tracking.pdf				
161	19	01088914SKY4A17	PNBOIA	147	IDP-690	SKYWAVE	4	1	https://www.satelliteworldstore.com.au/wp-content/uploads/2014/12/maritime_idp-690_sm201206-sxg_side_entry.png	https://fccid.io/ANATEL/03690-11-01113/MANUAL-IDP690/DFCFF064-1047-499A-9D7F-DBC61D0E7CAE/PDF	https://www.orbcomm.com/PDF/datasheet/IDP-600-Asset-Tracking.pdf	18/06/2015			
162	19	01088912SKY420D	PNBOIA	183	IDP-690	SKYWAVE	4	1	https://www.satelliteworldstore.com.au/wp-content/uploads/2014/12/maritime_idp-690_sm201206-sxg_side_entry.png	https://fccid.io/ANATEL/03690-11-01113/MANUAL-IDP690/DFCFF064-1047-499A-9D7F-DBC61D0E7CAE/PDF	https://www.orbcomm.com/PDF/datasheet/IDP-600-Asset-Tracking.pdf				
163	19	01088903SKY9DE0	PNBOIA	145	IDP-690	SKYWAVE	4	1	https://www.satelliteworldstore.com.au/wp-content/uploads/2014/12/maritime_idp-690_sm201206-sxg_side_entry.png	https://fccid.io/ANATEL/03690-11-01113/MANUAL-IDP690/DFCFF064-1047-499A-9D7F-DBC61D0E7CAE/PDF	https://www.orbcomm.com/PDF/datasheet/IDP-600-Asset-Tracking.pdf	18/06/2015			Firmware Atualizado - V. 5.3.0 20/10/2020 | N. 285
164	19	01088905SKYA5EA	PNBOIA	182	IDP-690	SKYWAVE	4	1	https://www.satelliteworldstore.com.au/wp-content/uploads/2014/12/maritime_idp-690_sm201206-sxg_side_entry.png	https://fccid.io/ANATEL/03690-11-01113/MANUAL-IDP690/DFCFF064-1047-499A-9D7F-DBC61D0E7CAE/PDF	https://www.orbcomm.com/PDF/datasheet/IDP-600-Asset-Tracking.pdf				
165	19	01088907SKYADF4	PNBOIA	146	IDP-690	SKYWAVE	4	1	https://www.satelliteworldstore.com.au/wp-content/uploads/2014/12/maritime_idp-690_sm201206-sxg_side_entry.png	https://fccid.io/ANATEL/03690-11-01113/MANUAL-IDP690/DFCFF064-1047-499A-9D7F-DBC61D0E7CAE/PDF	https://www.orbcomm.com/PDF/datasheet/IDP-600-Asset-Tracking.pdf	18/06/2015			Firmware Atualizado - V. 5.3.0 20/10/2020 N.290
166	7		PNBOIA	4		MINIPA	5	1							
167	7		PNBOIA	5		MINIPA	5	1							
168	9	61441798	PNBOIA	46	MP101A	ROTRONIC	6	1	https://www.rotronic.com/media/catalog/product/cache/6/image/9df78eab33525d08d6e5fb8d27136e95/m/p/mp10xa_40xa.jpg	https://www.rotronic.com/en/productattachments/index/download?id=300	https://www.rotronic.com/en/mp10xa-mp40xa.html			11/08/2020	Avariado
169	12	1560009729	PNBOIA	68	M660	Carmanah	6	1	https://marine.sabik.com/images/virtuemart/product/M660_product_black.jpg	https://fccid.io/2AJI5-CMH660/User-Manual/user-manual-3155700	https://marine.sabik.com/docman-file-listing/372-datasheet-m660				Regarregada em 03SET19
170	17	TAS 2620	PNBOIA	111	TRIAXYS G1	AXYS	6	1	https://encrypted-tbn0.gstatic.com/images?q=tbn:ANd9GcT7_1I0hQluwgb_jR1Ha7zqVkqu0dluEzXC-w&usqp=CAU	http://www.neracoos.org/sites/neracoos.org/files/documents/Appendix%20B%20-TRIAXYS%20Directional%20Wave%20Sensor%20Manual.pdf	https://axystechnologies.com/wp-content/uploads/2017/01/TRIAXYS-g3-Sensor.pdf				
171	20	WMT0275			WMAN TX	AXYS	6	1	https://encrypted-tbn0.gstatic.com/images?q=tbn:ANd9GcS9mlAI7dVaH4QvUmSYVr0jJv5GFgP1nMvWDA&usqp=CAU						
172	16	AQP4175	PNBOIA	112	AQUADOPP 400khz	NORTEK	6	1	https://geo-matching.com/uploads/default/n/o/nortek-aquadopp-profiler-400khz-sideview.jpg	https://wiki.oceannetworks.ca/download/attachments/21758136/Nortek%20Aquadopp%20Current%20Profiler%20Manual%20-%20January%202008.pdf?api=v2	https://www.nortekgroup.com/products/aquadopp-profiler-400-khz/pdf			12/08/2019	
173	8	135435	PNBOIA	13	50103	RM YOUNG	7	1	http://www.youngusa.com/catalog/images/05103_edit.gif	http://www.youngusa.com/Manuals/05103-90(M).pdf	http://www.youngusa.com/Brochures/05103(0106).pdf			12/08/2020	Necessário realizar teste
174	9	61441790	PNBOIA	47	MP101A	ROTRONIC	7	1	https://www.rotronic.com/media/catalog/product/cache/6/image/9df78eab33525d08d6e5fb8d27136e95/m/p/mp10xa_40xa.jpg	https://www.rotronic.com/en/productattachments/index/download?id=300	https://www.rotronic.com/en/mp10xa-mp40xa.html			11/08/2020	Necessário realizar teste
175	13	H0530003	PNBOIA	85	PTB110	VAISALA	7	1	https://encrypted-tbn0.gstatic.com/images?q=tbn:ANd9GcRTY2f1EfxRf58sEzm7hol9AflugNcuTV5iUw&usqp=CAU	https://www.google.com/url?sa=t&rct=j&q=&esrc=s&source=web&cd=&ved=2ahUKEwiwwO3Bvo_vAhV0IbkGHR0CDlcQFjABegQIAhAD&url=https%3A%2F%2Fwww.vaisala.com%2Fsites%2Fdefault%2Ffiles%2Fdocuments%2FPTB110%2520User%2520Guide%2520in%2520English.pdf&usg=AOvVaw2_qIw9zjJgJPZF0R0ZEIsS				12/08/2020	
176	17	TAS 03460			TRIAXYS G1	AXYS	7	1	https://encrypted-tbn0.gstatic.com/images?q=tbn:ANd9GcS9mlAI7dVaH4QvUmSYVr0jJv5GFgP1nMvWDA&usqp=CAU						
177	1		PNBOIA	1	THINKPAD	LENOVO	8	1	https://www.notebookcheck.info/typo3temp/_processed_/b/0/csm_L480_2_beaf128301.jpg						
178	1		PNBOIA	2	THINKPAD	LENOVO	8	1	https://www.notebookcheck.info/typo3temp/_processed_/b/0/csm_L480_2_beaf128301.jpg						
179	6		PNBOIA	3	PT-H110	BROTHER	8	1							
180	21	01-107	PNBOIA	8	WTM-500	AXYS		1	https://encrypted-tbn0.gstatic.com/images?q=tbn:ANd9GcS9mlAI7dVaH4QvUmSYVr0jJv5GFgP1nMvWDA&usqp=CAU						instalada no módulo pbboia/00008
181	21	01-108	PNBOIA	148	WTM-500	AXYS		1	https://encrypted-tbn0.gstatic.com/images?q=tbn:ANd9GcS9mlAI7dVaH4QvUmSYVr0jJv5GFgP1nMvWDA&usqp=CAU						instalada no módulo pbboia/00149
182	21	01-106	PNBOIA	151	WTM-500	AXYS		1	https://encrypted-tbn0.gstatic.com/images?q=tbn:ANd9GcS9mlAI7dVaH4QvUmSYVr0jJv5GFgP1nMvWDA&usqp=CAU						instalada no módulo pbboia/00152
183	21	163	PNBOIA	154	WTM-500	AXYS		1	https://encrypted-tbn0.gstatic.com/images?q=tbn:ANd9GcS9mlAI7dVaH4QvUmSYVr0jJv5GFgP1nMvWDA&usqp=CAU						
184	14	141068	PNBOIA	179	03N65747-E	ELTA		1	http://www.hobeco.net/sites/default/files/hal2_transmissor_satelital.jpg		http://www.geo.uib.no/eworkshop/uploads/Main/ARGOS_HAL2_eng.pdf				
185	14	80826	PNBOIA	180	03N65747-E	ELTA		1	http://www.hobeco.net/sites/default/files/hal2_transmissor_satelital.jpg		http://www.geo.uib.no/eworkshop/uploads/Main/ARGOS_HAL2_eng.pdf				
186	8	12340024	PNBOIA	139				1							
